INSERT INTO stop (stop_id, bdot10k_id, osm_id, name, lon, lat, is_osm, is_bdot10k, is_active, is_deactivation_checked) VALUES (145543, 'ebf60aff-0078-11ee-a1ad-e454e883742c', null, 'KIJE  / 0157 (kościół)  / 02', 20.5695373506518, 50.6075360461037, false, true, true, true);
INSERT INTO stop (stop_id, bdot10k_id, osm_id, name, lon, lat, is_osm, is_bdot10k, is_active, is_deactivation_checked) VALUES (145417, 'ebf12901-0078-11ee-9af2-e454e883742c', null, 'KIJE  / 766 / 02', 20.5709423419099, 50.6067804747918, false, true, true, true);
INSERT INTO stop (stop_id, bdot10k_id, osm_id, name, lon, lat, is_osm, is_bdot10k, is_active, is_deactivation_checked) VALUES (145416, 'ebf128ff-0078-11ee-8651-e454e883742c', null, 'LIPNIK  / 78 / 02', 20.5853563225142, 50.6067750932298, false, true, true, true);
INSERT INTO stop (stop_id, bdot10k_id, osm_id, name, lon, lat, is_osm, is_bdot10k, is_active, is_deactivation_checked) VALUES (145642, 'c76b4654-0064-11ee-ad9b-e454e883742c', null, '', 20.5971348500378, 50.6091417415453, false, true, true, true);
INSERT INTO stop (stop_id, bdot10k_id, osm_id, name, lon, lat, is_osm, is_bdot10k, is_active, is_deactivation_checked) VALUES (145449, 'ebf12921-0078-11ee-8d09-e454e883742c', null, 'Gołuchów II', 20.6095524131953, 50.6090942414964, false, true, true, true);
INSERT INTO stop (stop_id, bdot10k_id, osm_id, name, lon, lat, is_osm, is_bdot10k, is_active, is_deactivation_checked) VALUES (145437, 'ebf1290d-0078-11ee-bcf1-e454e883742c', null, 'ŻYDÓWEK  / 78 / 01', 20.6249004212507, 50.6075791659796, false, true, true, true);
INSERT INTO stop (stop_id, bdot10k_id, osm_id, name, lon, lat, is_osm, is_bdot10k, is_active, is_deactivation_checked) VALUES (145419, 'ebf12905-0078-11ee-b92e-e454e883742c', null, 'ŻYDÓWEK  / 78 / 02', 20.6308675172845, 50.6039364762445, false, true, true, true);
INSERT INTO stop (stop_id, bdot10k_id, osm_id, name, lon, lat, is_osm, is_bdot10k, is_active, is_deactivation_checked) VALUES (145653, 'ec01f1dc-0078-11ee-8e80-e454e883742c', null, 'SAMOSTRZAŁÓW  / 78 / 01', 20.6431836258638, 50.5998711111089, false, true, true, true);
INSERT INTO stop (stop_id, bdot10k_id, osm_id, name, lon, lat, is_osm, is_bdot10k, is_active, is_deactivation_checked) VALUES (145582, 'c76b4658-0064-11ee-ab59-e454e883742c', null, '', 20.6552440789411, 50.6009631767096, false, true, true, true);
INSERT INTO stop (stop_id, bdot10k_id, osm_id, name, lon, lat, is_osm, is_bdot10k, is_active, is_deactivation_checked) VALUES (142804, '2DE357A5-DB95-8386-E053-CC2BA8C0C842', null, 'Holendry', 20.6858731007882, 50.6058520651716, false, true, true, true);
INSERT INTO stop (stop_id, bdot10k_id, osm_id, name, lon, lat, is_osm, is_bdot10k, is_active, is_deactivation_checked) VALUES (141951, '2DE357A5-DB94-8386-E053-CC2BA8C0C842', null, 'Jasień', 20.7040880186134, 50.6082647279207, false, true, true, true);
INSERT INTO stop (stop_id, bdot10k_id, osm_id, name, lon, lat, is_osm, is_bdot10k, is_active, is_deactivation_checked) VALUES (200981, null, '9981422036', 'Przededworze', 20.7251796, 50.6110262, true, false, true, false);
INSERT INTO stop (stop_id, bdot10k_id, osm_id, name, lon, lat, is_osm, is_bdot10k, is_active, is_deactivation_checked) VALUES (141875, '952e577a-4b63-4f9a-9770-708160a25a3e', null, 'Chmielnik', 20.7521915300975, 50.6145532394056, false, true, true, true);
INSERT INTO stop (stop_id, bdot10k_id, osm_id, name, lon, lat, is_osm, is_bdot10k, is_active, is_deactivation_checked) VALUES (142902, '2DE357A5-DBC7-8386-E053-CC2BA8C0C842', null, 'Chmielnik', 20.7518854600753, 50.6145852830179, false, true, true, true);
INSERT INTO stop (stop_id, bdot10k_id, osm_id, name, lon, lat, is_osm, is_bdot10k, is_active, is_deactivation_checked) VALUES (234100, null, '9981422055', 'Przededworze', 20.7228947, 50.6108422, true, false, true, false);
INSERT INTO stop (stop_id, bdot10k_id, osm_id, name, lon, lat, is_osm, is_bdot10k, is_active, is_deactivation_checked) VALUES (142201, '2DE357A5-DBD5-8386-E053-CC2BA8C0C842', null, 'Jasień', 20.7017526332574, 50.6081058965992, false, true, true, true);
INSERT INTO stop (stop_id, bdot10k_id, osm_id, name, lon, lat, is_osm, is_bdot10k, is_active, is_deactivation_checked) VALUES (143073, '2DE357A5-DBD2-8386-E053-CC2BA8C0C842', null, 'Holendry', 20.6828746699752, 50.6055965618662, false, true, true, true);
INSERT INTO stop (stop_id, bdot10k_id, osm_id, name, lon, lat, is_osm, is_bdot10k, is_active, is_deactivation_checked) VALUES (145581, 'c76b4656-0064-11ee-9578-e454e883742c', null, '', 20.6534943977712, 50.6008109780141, false, true, true, true);
INSERT INTO stop (stop_id, bdot10k_id, osm_id, name, lon, lat, is_osm, is_bdot10k, is_active, is_deactivation_checked) VALUES (145418, 'ebf12903-0078-11ee-8cf5-e454e883742c', null, 'WOLA ŻYDOWSKA  / 78 / 01', 20.6415720213313, 50.6001992695657, false, true, true, true);
INSERT INTO stop (stop_id, bdot10k_id, osm_id, name, lon, lat, is_osm, is_bdot10k, is_active, is_deactivation_checked) VALUES (145434, 'ebf12907-0078-11ee-af3b-e454e883742c', null, 'ŻYDÓWEK  / 78 / 02', 20.6302376116443, 50.6047306007129, false, true, true, true);
INSERT INTO stop (stop_id, bdot10k_id, osm_id, name, lon, lat, is_osm, is_bdot10k, is_active, is_deactivation_checked) VALUES (145643, 'ebf60b01-0078-11ee-9461-e454e883742c', null, 'ŻYDÓWEK  / 78 / 01', 20.6222820273246, 50.6083366448281, false, true, true, true);
INSERT INTO stop (stop_id, bdot10k_id, osm_id, name, lon, lat, is_osm, is_bdot10k, is_active, is_deactivation_checked) VALUES (145448, 'ebf1291f-0078-11ee-96ee-e454e883742c', null, 'Gołuchów II', 20.6079399415089, 50.6093133557788, false, true, true, true);
INSERT INTO stop (stop_id, bdot10k_id, osm_id, name, lon, lat, is_osm, is_bdot10k, is_active, is_deactivation_checked) VALUES (145638, 'c76b4652-0064-11ee-9e41-e454e883742c', null, '', 20.5956015269461, 50.6093283815884, false, true, true, true);
INSERT INTO stop (stop_id, bdot10k_id, osm_id, name, lon, lat, is_osm, is_bdot10k, is_active, is_deactivation_checked) VALUES (145528, 'ebeedf01-0078-11ee-a750-e454e883742c', null, 'LIPNIK  / 78 / 02', 20.5832580328691, 50.6063448140229, false, true, true, true);

INSERT INTO app_user (username, email, password, created_at, updated_at, account_non_expired, account_non_locked, credentials_non_expired, enabled)
VALUES ( 'jkowalski', 'jkowalski@ns.pl', '$2a$10$yPoPJ9H4MAm5PP/.hIU/uebkqnFMiTGHb3/I.AMqpkDILHdwxi456', '2025-01-04 11:36:40.937926', '2025-01-04 11:36:40.937949', true, true, true, true);

INSERT INTO app_user_app_role(app_user_id, app_role_id) VALUES ((SELECT app_user_id FROM app_user WHERE username = 'jkowalski'), 'SUPER_USER');
INSERT INTO app_user_app_role(app_user_id, app_role_id) VALUES ((SELECT app_user_id FROM app_user WHERE username = 'jkowalski'), 'AGENCY_OWNER');

INSERT INTO agency (agency_code, agency_name, agency_url, agency_timetable_url, agency_phone, agency_owner_id)
VALUES ('NEOBUS', 'NEOBUS POLSKA Czurczak Spółka Komandytowa', 'neobus.pl', 'rozklad-jazdy', '510038116', (SELECT app_user_id FROM app_user WHERE username = 'jkowalski'));

INSERT INTO app_user_agency(app_user_id, agency_id)
VALUES ((SELECT app_user_id FROM app_user WHERE username = 'jkowalski'), (SELECT agency_id FROM agency WHERE agency_code = 'NEOBUS'));

INSERT INTO route (route_id, name, line, origin_name, active, google, description, origin_stop_id, origin_stop_name, destination_stop_id, destination_stop_name, via, agency_id)
VALUES (1, 'Chmielnik - Kije', 'L1', 'Chmielnik',true, false, null, '142902', 'Chmielnik', '145543', 'Kije', null, 1);

INSERT INTO trip (trip_id, variant_name, mode, headsign, variant_designation, variant_description, communication_velocity, distance_in_meters, travel_time_in_seconds, is_main_variant, origin_stop_id, origin_stop_name, destination_stop_id, destination_stop_name, route_id)
VALUES (1, 'MAIN', 'FRONT', 'Kije', null, null, 27, 13382, 1781, true, null, 'Chmielnik', null, 'Kije', 1);

INSERT INTO trip (trip_id, variant_name, mode, headsign, variant_designation, variant_description, communication_velocity, distance_in_meters, travel_time_in_seconds, is_main_variant, origin_stop_id, origin_stop_name, destination_stop_id, destination_stop_name, route_id)
VALUES (2, 'MAIN', 'BACK', 'Chmielnik', null, null, 27, 13417, 1784, true, null, 'Kije', null, 'Chmielnik', 1);

INSERT INTO app_user_app_role(app_user_id, app_role_id) VALUES ((SELECT app_user_id FROM app_user WHERE username = 'jkowalski'), 'AGENCY_OWNER');

INSERT INTO stop_time (trip_id, stop_sequence, arrival_second, departure_second, distance_meters, stop_id) VALUES (2, 1, 0, 0, 0, 145543);
INSERT INTO stop_time (trip_id, stop_sequence, arrival_second, departure_second, distance_meters, stop_id) VALUES (2, 2, 17, 17, 129, 145417);
INSERT INTO stop_time (trip_id, stop_sequence, arrival_second, departure_second, distance_meters, stop_id) VALUES (2, 3, 152, 152, 1146, 145416);
INSERT INTO stop_time (trip_id, stop_sequence, arrival_second, departure_second, distance_meters, stop_id) VALUES (2, 4, 268, 268, 2018, 145642);
INSERT INTO stop_time (trip_id, stop_sequence, arrival_second, departure_second, distance_meters, stop_id) VALUES (2, 5, 384, 384, 2894, 145449);
INSERT INTO stop_time (trip_id, stop_sequence, arrival_second, departure_second, distance_meters, stop_id) VALUES (2, 6, 530, 530, 3990, 145437);
INSERT INTO stop_time (trip_id, stop_sequence, arrival_second, departure_second, distance_meters, stop_id) VALUES (2, 7, 607, 607, 4574, 145419);
INSERT INTO stop_time (trip_id, stop_sequence, arrival_second, departure_second, distance_meters, stop_id) VALUES (2, 8, 737, 737, 5553, 145653);
INSERT INTO stop_time (trip_id, stop_sequence, arrival_second, departure_second, distance_meters, stop_id) VALUES (2, 9, 851, 851, 6412, 145582);
INSERT INTO stop_time (trip_id, stop_sequence, arrival_second, departure_second, distance_meters, stop_id) VALUES (2, 10, 1148, 1148, 8640, 142804);
INSERT INTO stop_time (trip_id, stop_sequence, arrival_second, departure_second, distance_meters, stop_id) VALUES (2, 11, 1323, 1323, 9953, 141951);
INSERT INTO stop_time (trip_id, stop_sequence, arrival_second, departure_second, distance_meters, stop_id) VALUES (2, 12, 1525, 1525, 11472, 200981);
INSERT INTO stop_time (trip_id, stop_sequence, arrival_second, departure_second, distance_meters, stop_id) VALUES (2, 13, 1784, 1784, 13417, 141875);
INSERT INTO stop_time (trip_id, stop_sequence, arrival_second, departure_second, distance_meters, stop_id) VALUES (1, 1, 0, 0, 0, 142902);
INSERT INTO stop_time (trip_id, stop_sequence, arrival_second, departure_second, distance_meters, stop_id) VALUES (1, 2, 278, 278, 2087, 234100);
INSERT INTO stop_time (trip_id, stop_sequence, arrival_second, departure_second, distance_meters, stop_id) VALUES (1, 3, 480, 480, 3609, 142201);
INSERT INTO stop_time (trip_id, stop_sequence, arrival_second, departure_second, distance_meters, stop_id) VALUES (1, 4, 661, 661, 4969, 143073);
INSERT INTO stop_time (trip_id, stop_sequence, arrival_second, departure_second, distance_meters, stop_id) VALUES (1, 5, 946, 946, 7109, 145581);
INSERT INTO stop_time (trip_id, stop_sequence, arrival_second, departure_second, distance_meters, stop_id) VALUES (1, 6, 1058, 1058, 7953, 145418);
INSERT INTO stop_time (trip_id, stop_sequence, arrival_second, departure_second, distance_meters, stop_id) VALUES (1, 7, 1184, 1184, 8898, 145434);
INSERT INTO stop_time (trip_id, stop_sequence, arrival_second, departure_second, distance_meters, stop_id) VALUES (1, 8, 1276, 1276, 9588, 145643);
INSERT INTO stop_time (trip_id, stop_sequence, arrival_second, departure_second, distance_meters, stop_id) VALUES (1, 9, 1411, 1411, 10605, 145448);
INSERT INTO stop_time (trip_id, stop_sequence, arrival_second, departure_second, distance_meters, stop_id) VALUES (1, 10, 1527, 1527, 11475, 145638);
INSERT INTO stop_time (trip_id, stop_sequence, arrival_second, departure_second, distance_meters, stop_id) VALUES (1, 11, 1651, 1651, 12407, 145528);
INSERT INTO stop_time (trip_id, stop_sequence, arrival_second, departure_second, distance_meters, stop_id) VALUES (1, 12, 1781, 1781, 13384, 145543);

INSERT INTO calendar (service_id, agency_id, calendar_name, designation, description, monday, tuesday, wednesday, thursday, friday, saturday, sunday, start_date, end_date) VALUES (1, 1, 'D/20250101/20251231/1', 'D', 'kursuje od poniedziałku do piątku oprócz świąt', true, true, true, true, true, false, false, '2025-01-01', '2025-12-31');

INSERT INTO calendar_dates (service_id, date, exception_type) VALUES (1, '2025-11-11', 'REMOVED');
INSERT INTO calendar_dates (service_id, date, exception_type) VALUES (1, '2025-12-24', 'REMOVED');
INSERT INTO calendar_dates (service_id, date, exception_type) VALUES (1, '2025-12-26', 'REMOVED');
INSERT INTO calendar_dates (service_id, date, exception_type) VALUES (1, '2025-05-01', 'REMOVED');
INSERT INTO calendar_dates (service_id, date, exception_type) VALUES (1, '2025-01-06', 'REMOVED');
INSERT INTO calendar_dates (service_id, date, exception_type) VALUES (1, '2025-12-25', 'REMOVED');
INSERT INTO calendar_dates (service_id, date, exception_type) VALUES (1, '2025-01-01', 'REMOVED');
INSERT INTO calendar_dates (service_id, date, exception_type) VALUES (1, '2025-05-02', 'REMOVED');

INSERT INTO brigade (brigade_id, brigade_number, agency_id, service_id) VALUES (1, 'DP/KIJE-CHMIELNIK/1', 1, 1);

INSERT INTO brigade_trip (brigade_trip_id, line, name, variant, mode, trip_sequence, root_trip_id, departure_time_in_second, headsign, variant_designation, variant_description, communication_velocity, distance_in_meters, travel_time_in_seconds, is_main_variant, origin, destination, brigade_id) VALUES ('NEOBUS/DP/KIJE-CHMIELNIK/1/1', 'L1', 'Chmielnik - Kije', 'MAIN', 'BACK', 1, 2, 19200, null, null, null, null, null, 1784, null, 'KIJE', 'Chmielnik', 1);
INSERT INTO brigade_trip (brigade_trip_id, line, name, variant, mode, trip_sequence, root_trip_id, departure_time_in_second, headsign, variant_designation, variant_description, communication_velocity, distance_in_meters, travel_time_in_seconds, is_main_variant, origin, destination, brigade_id) VALUES ('NEOBUS/DP/KIJE-CHMIELNIK/1/2', 'L1', 'Chmielnik - Kije', 'MAIN', 'FRONT', 2, 1, 21300, null, null, null, null, null, 1781, null, 'Chmielnik', 'KIJE', 1);
INSERT INTO brigade_trip (brigade_trip_id, line, name, variant, mode, trip_sequence, root_trip_id, departure_time_in_second, headsign, variant_designation, variant_description, communication_velocity, distance_in_meters, travel_time_in_seconds, is_main_variant, origin, destination, brigade_id) VALUES ('NEOBUS/DP/KIJE-CHMIELNIK/1/3', 'L1', 'Chmielnik - Kije', 'MAIN', 'BACK', 3, 2, 25200, null, null, null, null, null, 1784, null, 'KIJE', 'Chmielnik', 1);
INSERT INTO brigade_trip (brigade_trip_id, line, name, variant, mode, trip_sequence, root_trip_id, departure_time_in_second, headsign, variant_designation, variant_description, communication_velocity, distance_in_meters, travel_time_in_seconds, is_main_variant, origin, destination, brigade_id) VALUES ('NEOBUS/DP/KIJE-CHMIELNIK/1/4', 'L1', 'Chmielnik - Kije', 'MAIN', 'FRONT', 4, 1, 27000, null, null, null, null, null, 1781, null, 'Chmielnik', 'KIJE', 1);
INSERT INTO brigade_trip (brigade_trip_id, line, name, variant, mode, trip_sequence, root_trip_id, departure_time_in_second, headsign, variant_designation, variant_description, communication_velocity, distance_in_meters, travel_time_in_seconds, is_main_variant, origin, destination, brigade_id) VALUES ('NEOBUS/DP/KIJE-CHMIELNIK/1/5', 'L1', 'Chmielnik - Kije', 'MAIN', 'BACK', 5, 2, 30600, null, null, null, null, null, 1784, null, 'KIJE', 'Chmielnik', 1);
INSERT INTO brigade_trip (brigade_trip_id, line, name, variant, mode, trip_sequence, root_trip_id, departure_time_in_second, headsign, variant_designation, variant_description, communication_velocity, distance_in_meters, travel_time_in_seconds, is_main_variant, origin, destination, brigade_id) VALUES ('NEOBUS/DP/KIJE-CHMIELNIK/1/6', 'L1', 'Chmielnik - Kije', 'MAIN', 'FRONT', 6, 1, 32400, null, null, null, null, null, 1781, null, 'Chmielnik', 'KIJE', 1);
INSERT INTO brigade_trip (brigade_trip_id, line, name, variant, mode, trip_sequence, root_trip_id, departure_time_in_second, headsign, variant_designation, variant_description, communication_velocity, distance_in_meters, travel_time_in_seconds, is_main_variant, origin, destination, brigade_id) VALUES ('NEOBUS/DP/KIJE-CHMIELNIK/1/7', 'L1', 'Chmielnik - Kije', 'MAIN', 'BACK', 7, 2, 34200, null, null, null, null, null, 1784, null, 'KIJE', 'Chmielnik', 1);
INSERT INTO brigade_trip (brigade_trip_id, line, name, variant, mode, trip_sequence, root_trip_id, departure_time_in_second, headsign, variant_designation, variant_description, communication_velocity, distance_in_meters, travel_time_in_seconds, is_main_variant, origin, destination, brigade_id) VALUES ('NEOBUS/DP/KIJE-CHMIELNIK/1/8', 'L1', 'Chmielnik - Kije', 'MAIN', 'FRONT', 8, 1, 36000, null, null, null, null, null, 1781, null, 'Chmielnik', 'Kije', 1);
INSERT INTO brigade_trip (brigade_trip_id, line, name, variant, mode, trip_sequence, root_trip_id, departure_time_in_second, headsign, variant_designation, variant_description, communication_velocity, distance_in_meters, travel_time_in_seconds, is_main_variant, origin, destination, brigade_id) VALUES ('NEOBUS/DP/KIJE-CHMIELNIK/1/9', 'L1', 'Chmielnik - Kije', 'MAIN', 'BACK', 9, 2, 54300, null, null, null, null, null, 1784, null, 'KIJE', 'Chmielnik', 1);
INSERT INTO brigade_trip (brigade_trip_id, line, name, variant, mode, trip_sequence, root_trip_id, departure_time_in_second, headsign, variant_designation, variant_description, communication_velocity, distance_in_meters, travel_time_in_seconds, is_main_variant, origin, destination, brigade_id) VALUES ('NEOBUS/DP/KIJE-CHMIELNIK/1/10', 'L1', 'Chmielnik - Kije', 'MAIN', 'FRONT', 10, 1, 56100, null, null, null, null, null, 1781, null, 'Chmielnik', 'Kije', 1);
INSERT INTO brigade_trip (brigade_trip_id, line, name, variant, mode, trip_sequence, root_trip_id, departure_time_in_second, headsign, variant_designation, variant_description, communication_velocity, distance_in_meters, travel_time_in_seconds, is_main_variant, origin, destination, brigade_id) VALUES ('NEOBUS/DP/KIJE-CHMIELNIK/1/11', 'L1', 'Chmielnik - Kije', 'MAIN', 'BACK', 11, 2, 57600, null, null, null, null, null, 1784, null, 'KIJE', 'Chmielnik', 1);
INSERT INTO brigade_trip (brigade_trip_id, line, name, variant, mode, trip_sequence, root_trip_id, departure_time_in_second, headsign, variant_designation, variant_description, communication_velocity, distance_in_meters, travel_time_in_seconds, is_main_variant, origin, destination, brigade_id) VALUES ('NEOBUS/DP/KIJE-CHMIELNIK/1/12', 'L1', 'Chmielnik - Kije', 'MAIN', 'FRONT', 12, 1, 59400, null, null, null, null, null, 1781, null, 'Chmielnik', 'Kije', 1);
INSERT INTO brigade_trip (brigade_trip_id, line, name, variant, mode, trip_sequence, root_trip_id, departure_time_in_second, headsign, variant_designation, variant_description, communication_velocity, distance_in_meters, travel_time_in_seconds, is_main_variant, origin, destination, brigade_id) VALUES ('NEOBUS/DP/KIJE-CHMIELNIK/1/13', 'L1', 'Chmielnik - Kije', 'MAIN', 'BACK', 13, 2, 61200, null, null, null, null, null, 1784, null, 'KIJE', 'Chmielnik', 1);
INSERT INTO brigade_trip (brigade_trip_id, line, name, variant, mode, trip_sequence, root_trip_id, departure_time_in_second, headsign, variant_designation, variant_description, communication_velocity, distance_in_meters, travel_time_in_seconds, is_main_variant, origin, destination, brigade_id) VALUES ('NEOBUS/DP/KIJE-CHMIELNIK/1/14', 'L1', 'Chmielnik - Kije', 'MAIN', 'BACK', 14, 2, 63000, null, null, null, null, null, 1784, null, 'KIJE', 'Chmielnik', 1);
